timestamp,position_lat,position_long,distance,enhanced_altitude,altitude,enhanced_speed,speed,heart_rate,cadence,fractional_cadence
2019-01-26 08:49:35-06:00,41.119639333337545,-73.81988265551627,0.0,121.39999999999998,3107,16.02,16020.0,None,0,None
2019-01-26 08:49:36-06:00,41.1196450330317,-73.81989950314164,0.00155,210.0,3550,16.02,16020.0,None,0,None
2019-01-26 08:49:37-06:00,41.11966531723738,-73.81991542875767,0.00417,210.0,3550,16.02,16020.0,None,0,None
2019-01-26 08:49:40-06:00,41.11968761309981,-73.81989866495132,0.01413,121.0,3105,11.772,11772.0,None,60,None
2019-01-26 08:49:41-06:00,41.119695492088795,-73.81988357752562,0.01568,121.0,3105,12.204,12204.0,None,60,None
2019-01-26 08:49:42-06:00,41.119703790172935,-73.81986773572862,0.01729,121.20000000000005,3106,9.756,9756.0,None,60,None
2019-01-26 08:49:43-06:00,41.119718542322516,-73.81985642015934,0.019190000000000002,121.20000000000005,3106,8.244,8244.0,None,60,None
2019-01-26 08:49:44-06:00,41.119723906740546,-73.81983471103013,0.02111,121.0,3105,7.704000000000001,7704.0,None,60,None
2019-01-26 08:49:45-06:00,41.11972407437861,-73.81978123448789,0.02558,121.0,3105,7.38,7380.0,None,78,None
2019-01-26 08:49:54-06:00,41.119867572560906,-73.81960404105484,0.05588,119.79999999999995,3099,11.556000000000001,11556.0,None,83,None
2019-01-26 08:49:55-06:00,41.11988676711917,-73.81961904466152,0.05837,119.79999999999995,3099,10.26,10260.0,None,82,None
2019-01-26 08:49:56-06:00,41.119901267811656,-73.81964687258005,0.06122,119.79999999999995,3099,9.756,9756.0,None,81,None
2019-01-26 08:49:57-06:00,41.11991040408611,-73.81967972964048,0.06415000000000001,119.79999999999995,3099,9.9,9900.0,None,81,None
2019-01-26 08:49:58-06:00,41.119915852323174,-73.8197220582515,0.06778,119.79999999999995,3099,10.116,10116.0,None,81,None
2019-01-26 08:49:59-06:00,41.11991861835122,-73.81975952535868,0.07094,119.79999999999995,3099,10.944,10944.0,None,81,None
2019-01-26 08:50:00-06:00,41.11992264166474,-73.81979556754231,0.07399,119.79999999999995,3099,11.052,11052.0,None,83,None
2019-01-26 08:50:08-06:00,41.120015094056726,-73.82005683146417,0.0983,119.20000000000005,3096,10.944,10944.0,None,83,None
2019-01-26 08:50:16-06:00,41.12014811486006,-73.82029613479972,0.12340999999999999,118.0,3090,11.052,11052.0,None,82,None
2019-01-26 08:50:25-06:00,41.12029639072716,-73.82049973122776,0.14762999999999998,116.79999999999995,3084,10.692,10692.0,None,83,None
2019-01-26 08:50:33-06:00,41.120426477864385,-73.82071824744344,0.17211,116.39999999999998,3082,10.620000000000001,10620.0,None,84,None
2019-01-26 08:50:41-06:00,41.12055438570678,-73.82094757631421,0.19507,115.79999999999995,3079,10.692,10692.0,None,85,None
2019-01-26 08:50:50-06:00,41.1206638533622,-73.82120749913156,0.22030000000000002,116.0,3080,10.512,10512.0,None,82,None
2019-01-26 08:50:59-06:00,41.12080525606871,-73.82150363177061,0.25059,116.0,3080,10.944,10944.0,None,82,None
2019-01-26 08:51:00-06:00,41.12080601043999,-73.82153330370784,0.25308,116.20000000000005,3081,10.908,10908.0,None,82,None
2019-01-26 08:51:01-06:00,41.120797377079725,-73.82156549021602,0.25595,116.20000000000005,3081,10.836,10836.0,None,82,None
2019-01-26 08:51:02-06:00,41.120787570253015,-73.8215887080878,0.25819,116.39999999999998,3082,10.836,10836.0,None,82,None
2019-01-26 08:51:03-06:00,41.12076736986637,-73.82160739973187,0.26094,116.60000000000002,3083,10.836,10836.0,None,82,None
2019-01-26 08:51:04-06:00,41.12075303681195,-73.82163078524172,0.26347000000000004,117.0,3085,10.692,10692.0,None,82,None
2019-01-26 08:51:06-06:00,41.120750019326806,-73.82167956791818,0.26763,117.79999999999995,3089,10.548,10548.0,None,80,None
2019-01-26 08:51:07-06:00,41.12075706012547,-73.82170245051384,0.26972,118.20000000000005,3091,10.44,10440.0,None,80,None
2019-01-26 08:51:08-06:00,41.120766615495086,-73.82172013632953,0.27154,118.39999999999998,3092,10.332,10332.0,None,80,None
2019-01-26 08:51:09-06:00,41.12077474594116,-73.82173798978329,0.27327999999999997,118.60000000000002,3093,10.224,10224.0,None,80,None
2019-01-26 08:51:10-06:00,41.12078044563532,-73.82176078855991,0.27532999999999996,118.79999999999995,3094,10.08,10080.0,None,79,None
2019-01-26 08:51:11-06:00,41.12078731879592,-73.82178836502135,0.27777999999999997,119.0,3095,10.08,10080.0,None,79,None
2019-01-26 08:51:12-06:00,41.120786061510444,-73.82181258872151,0.27981,119.0,3095,9.936,9936.0,None,78,None
2019-01-26 08:51:13-06:00,41.120784888044,-73.82183840498328,0.28199,119.60000000000002,3098,9.864,9864.0,None,78,None
2019-01-26 08:51:14-06:00,41.12078849226236,-73.8218617066741,0.28398,120.0,3100,9.864,9864.0,None,77,None
2019-01-26 08:51:15-06:00,41.120791928842664,-73.82188425399363,0.28592,120.39999999999998,3102,9.684,9684.0,None,76,None
2019-01-26 08:51:16-06:00,41.12079670652747,-73.82191065698862,0.2882,120.60000000000002,3103,9.612,9612.0,None,76,None
2019-01-26 08:51:17-06:00,41.12079712562263,-73.82194058038294,0.29073000000000004,120.79999999999995,3104,9.54,9540.0,None,77,None
2019-01-26 08:51:18-06:00,41.12080215476453,-73.82196882739663,0.29316000000000003,121.39999999999998,3107,9.54,9540.0,None,78,None
2019-01-26 08:51:19-06:00,41.12080064602196,-73.82200503721833,0.29623,121.79999999999995,3109,9.504000000000001,9504.0,None,78,None
2019-01-26 08:51:20-06:00,41.12080458551645,-73.8220342900604,0.29872000000000004,122.0,3110,9.54,9540.0,None,78,None
2019-01-26 08:51:21-06:00,41.120811542496085,-73.82206354290247,0.30129,122.39999999999998,3112,9.54,9540.0,None,78,None
2019-01-26 08:51:22-06:00,41.12081363797188,-73.82209145464003,0.30363999999999997,122.60000000000002,3113,9.54,9540.0,None,78,None
2019-01-26 08:51:32-06:00,41.120838448405266,-73.82233394309878,0.32459,125.79999999999995,3129,8.928,8928.0,None,78,None
2019-01-26 08:51:41-06:00,41.12086208537221,-73.82252085953951,0.34068,128.79999999999995,3144,8.316,8316.0,None,78,None
2019-01-26 08:51:49-06:00,41.1207899171859,-73.8226957898587,0.35856,131.39999999999998,3157,8.136,8136.0,None,77,None
2019-01-26 08:51:59-06:00,41.12063040956855,-73.82273451425135,0.37683999999999995,134.79999999999995,3174,7.74,7740.0,None,77,None
2019-01-26 08:52:09-06:00,41.120456736534834,-73.822654299438,0.3974,137.79999999999995,3189,7.668,7668.0,None,77,None
2019-01-26 08:52:23-06:00,41.12023436464369,-73.82256905548275,0.42377,140.20000000000005,3201,7.272,7272.0,None,78,None
2019-01-26 08:52:33-06:00,41.120046777650714,-73.82267609238625,0.44675,141.79999999999995,3209,7.488,7488.0,None,79,None
2019-01-26 08:52:42-06:00,41.11987620592117,-73.82279444485903,0.46832,144.0,3220,7.848000000000001,7848.0,None,79,None
2019-01-26 08:52:52-06:00,41.119701359421015,-73.82292687892914,0.49116000000000004,147.0,3235,7.884,7884.0,None,78,None
2019-01-26 08:53:01-06:00,41.1195570230484,-73.82310566492379,0.5133,147.39999999999998,3237,8.136,8136.0,None,77,None
2019-01-26 08:53:11-06:00,41.11949801445007,-73.82338310591877,0.53784,147.39999999999998,3237,8.316,8316.0,None,78,None
2019-01-26 08:53:20-06:00,41.11942634917796,-73.82362199015915,0.55947,147.39999999999998,3237,8.46,8460.0,None,79,None
2019-01-26 08:53:30-06:00,41.119296848773956,-73.82383279502392,0.58251,145.60000000000002,3228,8.388,8388.0,None,77,None
2019-01-26 08:53:38-06:00,41.1192271951586,-73.82400252856314,0.5989,142.39999999999998,3212,8.208,8208.0,None,84,None
2019-01-26 08:53:42-06:00,41.11916542053223,-73.82408970035613,0.60909,141.20000000000005,3206,8.208,8208.0,None,77,None
2019-01-26 08:53:51-06:00,41.11899049021304,-73.82426278665662,0.6336,140.39999999999998,3202,8.532,8532.0,None,78,None
2019-01-26 08:54:01-06:00,41.11879276111722,-73.82433185353875,0.65647,140.79999999999995,3204,8.568,8568.0,None,80,None
2019-01-26 08:54:06-06:00,41.11870617605746,-73.82433629594743,0.66622,141.79999999999995,3209,8.316,8316.0,None,79,None
2019-01-26 08:54:07-06:00,41.11868664622307,-73.82433822378516,0.66841,142.0,3210,8.28,8280.0,None,79,None
2019-01-26 08:54:08-06:00,41.11866367980838,-73.82434417493641,0.67102,142.39999999999998,3212,8.244,8244.0,None,79,None
2019-01-26 08:54:09-06:00,41.118641048669815,-73.82435213774443,0.67363,142.60000000000002,3213,8.28,8280.0,None,79,None
2019-01-26 08:54:10-06:00,41.11861623823643,-73.82436219602823,0.67652,142.60000000000002,3213,8.316,8316.0,None,79,None
2019-01-26 08:54:11-06:00,41.118599055334926,-73.8243689853698,0.6785,142.79999999999995,3214,8.316,8316.0,None,79,None
2019-01-26 08:54:12-06:00,41.118580950424075,-73.82438021712005,0.68075,143.0,3215,8.352,8352.0,None,79,None
2019-01-26 08:54:13-06:00,41.11856158822775,-73.82438281551003,0.6829,143.0,3215,8.352,8352.0,None,78,None
2019-01-26 08:54:14-06:00,41.1185397952795,-73.82438658736646,0.68535,143.20000000000005,3216,8.316,8316.0,None,78,None
2019-01-26 08:54:15-06:00,41.1185191757977,-73.82439597509801,0.68779,143.20000000000005,3216,8.352,8352.0,None,78,None
2019-01-26 08:54:16-06:00,41.118505680933595,-73.82441148161888,0.68978,143.20000000000005,3216,8.352,8352.0,None,78,None
2019-01-26 08:54:17-06:00,41.11848833039403,-73.82442145608366,0.69189,143.20000000000005,3216,8.316,8316.0,None,78,None
2019-01-26 08:54:27-06:00,41.118312142789364,-73.82456989958882,0.71526,142.79999999999995,3214,8.388,8388.0,None,78,None
2019-01-26 08:54:35-06:00,41.118161268532276,-73.8246797863394,0.7349600000000001,142.20000000000005,3211,8.424,8424.0,None,79,None
2019-01-26 08:54:36-06:00,41.1181391403079,-73.82468380965292,0.7374700000000001,142.20000000000005,3211,8.424,8424.0,None,79,None
2019-01-26 08:54:37-06:00,41.11810930073261,-73.82469663396478,0.7409600000000001,142.20000000000005,3211,8.424,8424.0,None,80,None
2019-01-26 08:54:38-06:00,41.11808507703245,-73.82470074109733,0.7436699999999999,142.20000000000005,3211,8.568,8568.0,None,80,None
2019-01-26 08:54:39-06:00,41.11806378699839,-73.82470476441085,0.74607,142.20000000000005,3211,8.604000000000001,8604.0,None,80,None
2019-01-26 08:54:40-06:00,41.11804702319205,-73.82470820099115,0.74794,142.39999999999998,3212,8.604000000000001,8604.0,None,80,None
2019-01-26 08:54:50-06:00,41.117806462571025,-73.82470711134374,0.77518,144.60000000000002,3223,8.928,8928.0,None,81,None
2019-01-26 08:55:01-06:00,41.1175643093884,-73.82473083212972,0.80249,146.79999999999995,3234,8.82,8820.0,None,80,None
2019-01-26 08:55:11-06:00,41.117330538108945,-73.82481892593205,0.8298300000000001,146.0,3230,9.144,9144.0,None,80,None
2019-01-26 08:55:21-06:00,41.117094084620476,-73.82492797449231,0.8579,144.39999999999998,3222,9.432,9432.0,None,79,None
2019-01-26 08:55:29-06:00,41.11690456978977,-73.82503107190132,0.88271,144.0,3220,9.792000000000002,9792.0,None,79,None
2019-01-26 08:55:35-06:00,41.11687297001481,-73.825204661116,0.8985299999999999,142.60000000000002,3213,9.756,9756.0,None,79,None
2019-01-26 08:55:36-06:00,41.11684472300112,-73.82522846572101,0.90228,142.39999999999998,3212,9.792000000000002,9792.0,None,79,None
2019-01-26 08:55:37-06:00,41.11681966111064,-73.82524020038545,0.90523,142.0,3210,9.9,9900.0,None,79,None
2019-01-26 08:55:38-06:00,41.1167873069644,-73.82524791173637,0.90889,141.79999999999995,3209,9.936,9936.0,None,79,None
2019-01-26 08:55:39-06:00,41.11676341854036,-73.82525235414505,0.9115599999999999,141.79999999999995,3209,10.044,10044.0,None,79,None
2019-01-26 08:55:40-06:00,41.116740703582764,-73.8252567127347,0.91413,141.79999999999995,3209,10.008,10008.0,None,79,None
2019-01-26 08:55:41-06:00,41.11671170219779,-73.82525973021984,0.91738,141.79999999999995,3209,9.972,9972.0,None,80,None
2019-01-26 08:55:51-06:00,41.11646703444421,-73.82528512738645,0.9449099999999999,141.0,3205,10.044,10044.0,None,80,None
2019-01-26 08:56:01-06:00,41.11624960787594,-73.82536659948528,0.97027,140.0,3200,9.756,9756.0,None,78,None
2019-01-26 08:56:10-06:00,41.116034695878625,-73.82551906630397,0.99761,137.60000000000002,3188,10.008,10008.0,None,80,None
2019-01-26 08:56:19-06:00,41.11581651493907,-73.82564043626189,1.02412,137.0,3185,10.188,10188.0,None,79,None
2019-01-26 08:56:28-06:00,41.115586096420884,-73.8257451262325,1.0513299999999999,137.39999999999998,3187,10.26,10260.0,None,80,None
2019-01-26 08:56:35-06:00,41.11540395766497,-73.82584956474602,1.0735999999999999,137.20000000000005,3186,10.620000000000001,10620.0,None,79,None
2019-01-26 08:56:44-06:00,41.1152105871588,-73.8259766343981,1.09775,134.60000000000002,3173,10.332,10332.0,None,79,None
2019-01-26 08:56:52-06:00,41.11502392217517,-73.826097920537,1.12106,132.60000000000002,3163,10.332,10332.0,None,79,None
2019-01-26 08:56:55-06:00,41.11496290192008,-73.82616371847689,1.1298800000000002,132.39999999999998,3162,10.368,10368.0,None,78,None
2019-01-26 08:56:56-06:00,41.114948904141784,-73.82618861272931,1.13247,132.39999999999998,3162,10.368,10368.0,None,78,None
2019-01-26 08:56:57-06:00,41.11493566073477,-73.82621568627656,1.1351900000000001,132.20000000000005,3161,10.332,10332.0,None,78,None
2019-01-26 08:56:58-06:00,41.114915208891034,-73.82624192163348,1.1383800000000002,132.20000000000005,3161,10.332,10332.0,None,78,None
2019-01-26 08:56:59-06:00,41.114893751218915,-73.82626815699041,1.1416300000000001,132.39999999999998,3162,10.332,10332.0,None,78,None
2019-01-26 08:57:00-06:00,41.1148686055094,-73.82629263214767,1.14509,132.20000000000005,3161,10.368,10368.0,None,79,None
2019-01-26 08:57:01-06:00,41.1148479860276,-73.82631576620042,1.1481199999999998,132.20000000000005,3161,10.44,10440.0,None,79,None
2019-01-26 08:57:02-06:00,41.11482837237418,-73.82633227854967,1.1506800000000001,132.20000000000005,3161,10.476,10476.0,None,79,None
2019-01-26 08:57:03-06:00,41.114812111482024,-73.82635113783181,1.15309,132.20000000000005,3161,10.404,10404.0,None,80,None
2019-01-26 08:57:04-06:00,41.11479350365698,-73.82637150585651,1.1557899999999999,132.20000000000005,3161,10.368,10368.0,None,79,None
2019-01-26 08:57:05-06:00,41.11477380618453,-73.82639246061444,1.1585999999999999,132.39999999999998,3162,10.332,10332.0,None,79,None
2019-01-26 08:57:14-06:00,41.11460633575916,-73.82655532099307,1.18204,132.79999999999995,3164,10.08,10080.0,None,78,None
2019-01-26 08:57:23-06:00,41.11440206877887,-73.82665607146919,1.2065,131.60000000000002,3158,10.008,10008.0,None,79,None
2019-01-26 08:57:33-06:00,41.114198388531804,-73.8266965560615,1.22969,130.39999999999998,3152,9.54,9540.0,None,78,None
2019-01-26 08:57:43-06:00,41.11402245238423,-73.82657929323614,1.25177,130.0,3150,9.107999999999999,9108.0,None,78,None
2019-01-26 08:57:55-06:00,41.113821202889085,-73.82646915502846,1.27614,128.0,3140,8.424,8424.0,None,78,None
2019-01-26 08:58:06-06:00,41.113597908988595,-73.82641115225852,1.30167,124.60000000000002,3123,8.424,8424.0,None,80,None
2019-01-26 08:58:09-06:00,41.11353504471481,-73.82636731490493,1.3096199999999998,123.79999999999995,3119,8.424,8424.0,None,80,None
2019-01-26 08:58:10-06:00,41.11351224593818,-73.82635130546987,1.3125,123.60000000000002,3118,8.496,8496.0,None,80,None
2019-01-26 08:58:11-06:00,41.11348953098059,-73.82633714005351,1.31529,123.39999999999998,3117,8.568,8568.0,None,80,None
2019-01-26 08:58:12-06:00,41.11346757039428,-73.82631819695234,1.31821,123.20000000000005,3116,8.604000000000001,8604.0,None,78,None
2019-01-26 08:58:13-06:00,41.1134438496083,-73.8263051211834,1.32106,123.0,3115,8.676,8676.0,None,78,None
2019-01-26 08:58:14-06:00,41.113422475755215,-73.82629715837538,1.32354,122.79999999999995,3114,8.676,8676.0,None,77,None
2019-01-26 08:58:15-06:00,41.11339934170246,-73.82628299295902,1.3263699999999998,122.60000000000002,3113,8.712,8712.0,None,77,None
2019-01-26 08:58:16-06:00,41.11337637528777,-73.82626782171428,1.32922,122.20000000000005,3111,8.784,8784.0,None,77,None
2019-01-26 08:58:17-06:00,41.113353576511145,-73.82625591941178,1.33196,122.0,3110,8.82,8820.0,None,77,None
2019-01-26 08:58:18-06:00,41.113326167687774,-73.82624770514667,1.3350899999999999,121.79999999999995,3109,8.856,8856.0,None,77,None
2019-01-26 08:58:19-06:00,41.11329993233085,-73.82624485529959,1.33802,121.39999999999998,3107,8.928,8928.0,None,77,None
2019-01-26 08:58:20-06:00,41.11327864229679,-73.82624845951796,1.3404,121.0,3105,9.0,9000.0,None,78,None
2019-01-26 08:58:21-06:00,41.11325668171048,-73.82625524885952,1.3429200000000001,120.79999999999995,3104,8.964,8964.0,None,78,None
2019-01-26 08:58:28-06:00,41.11309834755957,-73.82628005929291,1.36075,119.60000000000002,3098,9.072000000000001,9072.0,None,78,None
2019-01-26 08:58:29-06:00,41.113077979534864,-73.82628550752997,1.36306,119.39999999999998,3097,9.0,9000.0,None,78,None
2019-01-26 08:58:30-06:00,41.11305610276759,-73.82629472762346,1.3656199999999998,119.39999999999998,3097,9.0,9000.0,None,78,None
2019-01-26 08:58:31-06:00,41.11303296871483,-73.8263051211834,1.36835,119.20000000000005,3096,9.0,9000.0,None,78,None
2019-01-26 08:58:32-06:00,41.11301025375724,-73.82631559856236,1.37103,119.20000000000005,3096,9.0,9000.0,None,77,None
2019-01-26 08:58:43-06:00,41.11284948885441,-73.82649446837604,1.39534,116.60000000000002,3083,8.748000000000001,8748.0,None,78,None
2019-01-26 08:58:44-06:00,41.11284068785608,-73.826510226354,1.39698,116.39999999999998,3082,8.676,8676.0,None,79,None
2019-01-26 08:58:45-06:00,41.112825348973274,-73.82653067819774,1.39942,116.20000000000005,3081,8.568,8568.0,None,79,None
2019-01-26 08:58:46-06:00,41.11280816607177,-73.82654400542378,1.40164,116.0,3080,8.568,8568.0,None,78,None
2019-01-26 08:58:47-06:00,41.11279148608446,-73.82656085304916,1.40398,115.79999999999995,3079,8.568,8568.0,None,78,None
2019-01-26 08:58:51-06:00,41.11274647526443,-73.82661458104849,1.41075,114.60000000000002,3073,8.352,8352.0,None,77,None
2019-01-26 08:59:01-06:00,41.11260490491986,-73.82688221521676,1.43826,111.60000000000002,3058,8.64,8640.0,None,76,None
2019-01-26 08:59:09-06:00,41.11245176754892,-73.82713459432125,1.4655799999999999,109.20000000000005,3046,9.504000000000001,9504.0,None,80,None
2019-01-26 08:59:18-06:00,41.11234489828348,-73.82737163454294,1.48958,106.60000000000002,3033,9.54,9540.0,None,80,None
2019-01-26 08:59:20-06:00,41.11234724521637,-73.82741823792458,1.49358,106.0,3030,9.432,9432.0,None,79,None
2019-01-26 08:59:21-06:00,41.11235219053924,-73.8274410367012,1.49558,105.79999999999995,3029,9.360000000000001,9360.0,None,79,None
2019-01-26 08:59:32-06:00,41.11244539730251,-73.8277243450284,1.52186,103.60000000000002,3018,9.107999999999999,9108.0,None,79,None
2019-01-26 08:59:33-06:00,41.112437434494495,-73.8277520891279,1.5243499999999999,103.39999999999998,3017,9.072000000000001,9072.0,None,79,None
2019-01-26 08:59:35-06:00,41.1124200001359,-73.82780950516462,1.5296500000000002,103.20000000000005,3016,9.072000000000001,9072.0,None,79,None
2019-01-26 08:59:36-06:00,41.112395860254765,-73.82783875800669,1.53328,103.20000000000005,3016,9.072000000000001,9072.0,None,79,None
2019-01-26 08:59:37-06:00,41.112370043992996,-73.82785803638399,1.53656,103.0,3015,9.216000000000001,9216.0,None,79,None
2019-01-26 08:59:46-06:00,41.112134931609035,-73.82802173495293,1.56622,103.79999999999995,3019,9.684,9684.0,None,79,None
2019-01-26 08:59:55-06:00,41.11196427606046,-73.82824838161469,1.59333,105.0,3025,10.224,10224.0,None,78,None
2019-01-26 09:00:01-06:00,41.111870566383004,-73.8284252397716,1.61177,106.0,3030,10.332,10332.0,None,80,None
2019-01-26 09:00:04-06:00,41.11180778592825,-73.82850486785173,1.62168,106.39999999999998,3032,10.368,10368.0,None,80,None
2019-01-26 09:00:11-06:00,41.11167065799236,-73.82869916036725,1.64416,107.79999999999995,3039,10.692,10692.0,None,80,None
2019-01-26 09:00:19-06:00,41.111545683816075,-73.82893150672317,1.66842,108.39999999999998,3042,10.728,10728.0,None,81,None
2019-01-26 09:00:27-06:00,41.11147510819137,-73.82915471680462,1.68943,109.20000000000005,3046,10.476,10476.0,None,80,None
2019-01-26 09:00:37-06:00,41.11155993305147,-73.82947247475386,1.71794,109.0,3045,10.404,10404.0,None,78,None
2019-01-26 09:00:40-06:00,41.11156286671758,-73.82954112254083,1.7238900000000001,109.0,3045,10.116,10116.0,None,78,None
2019-01-26 09:00:41-06:00,41.11155666410923,-73.82956400513649,1.72595,109.0,3045,10.008,10008.0,None,78,None
2019-01-26 09:00:42-06:00,41.11154702492058,-73.82958873175085,1.72828,109.20000000000005,3046,9.9,9900.0,None,78,None
2019-01-26 09:00:43-06:00,41.11153612844646,-73.82960859686136,1.73036,109.20000000000005,3046,9.864,9864.0,None,79,None
2019-01-26 09:00:44-06:00,41.111522633582354,-73.82963080890477,1.73274,109.20000000000005,3046,9.792000000000002,9792.0,None,79,None
2019-01-26 09:00:53-06:00,41.11140612512827,-73.82987715303898,1.75743,109.39999999999998,3047,9.792000000000002,9792.0,None,80,None
2019-01-26 09:01:02-06:00,41.111306715756655,-73.8301296159625,1.7815699999999999,110.0,3050,9.684,9684.0,None,81,None
2019-01-26 09:01:10-06:00,41.11118861474097,-73.83038283325732,1.80676,110.0,3050,10.08,10080.0,None,80,None
2019-01-26 09:01:18-06:00,41.11105324700475,-73.8305963203311,1.83047,110.39999999999998,3052,10.224,10224.0,None,80,None
2019-01-26 09:01:26-06:00,41.11093120649457,-73.8307932112366,1.85205,110.60000000000002,3053,10.116,10116.0,None,80,None
2019-01-26 09:01:35-06:00,41.110781505703926,-73.83097685873508,1.87506,110.79999999999995,3054,9.864,9864.0,None,80,None
2019-01-26 09:01:44-06:00,41.11063758842647,-73.83111817762256,1.89507,110.79999999999995,3054,9.360000000000001,9360.0,None,79,None
2019-01-26 09:01:52-06:00,41.110491743311286,-73.83124834857881,1.91477,111.20000000000005,3056,9.216000000000001,9216.0,None,79,None
2019-01-26 09:02:02-06:00,41.11028923653066,-73.83138949982822,1.94037,111.39999999999998,3057,9.18,9180.0,None,79,None
2019-01-26 09:02:11-06:00,41.11011137254536,-73.83147231303155,1.96144,111.60000000000002,3058,9.036,9036.0,None,79,None
2019-01-26 09:02:12-06:00,41.11008798703551,-73.83148740045726,1.96434,111.79999999999995,3059,8.928,8928.0,None,79,None
2019-01-26 09:02:13-06:00,41.110070049762726,-73.83150114677846,1.96665,111.79999999999995,3059,8.964,8964.0,None,79,None
2019-01-26 09:02:27-06:00,41.109813898801804,-73.8316682819277,1.99896,112.60000000000002,3063,8.676,8676.0,None,79,None
2019-01-26 09:02:36-06:00,41.10960569232702,-73.831827621907,2.0259,113.0,3065,9.251999999999999,9252.0,None,79,None
2019-01-26 09:02:45-06:00,41.10942489467561,-73.83196525275707,2.04929,113.39999999999998,3067,9.324,9324.0,None,78,None
2019-01-26 09:02:54-06:00,41.109251976013184,-73.83213808760047,2.07362,113.60000000000002,3068,9.395999999999999,9396.0,None,80,None
2019-01-26 09:03:03-06:00,41.10910177230835,-73.83230363018811,2.09561,114.0,3070,9.18,9180.0,None,80,None
2019-01-26 09:03:12-06:00,41.108969589695334,-73.83248954080045,2.11762,114.20000000000005,3071,9.072000000000001,9072.0,None,79,None
2019-01-26 09:03:21-06:00,41.10880991443992,-73.83264862932265,2.14006,114.39999999999998,3072,9.107999999999999,9108.0,None,80,None
2019-01-26 09:03:31-06:00,41.108616795390844,-73.83288290351629,2.16939,114.79999999999995,3074,10.08,10080.0,None,80,None
2019-01-26 09:03:36-06:00,41.108522582799196,-73.83298667147756,2.18314,115.39999999999998,3077,9.864,9864.0,None,81,None
2019-01-26 09:03:37-06:00,41.10849928110838,-73.83301885798573,2.1869099999999997,115.39999999999998,3077,10.188,10188.0,None,80,None
2019-01-26 09:03:38-06:00,41.10847086645663,-73.8330428302288,2.19067,115.39999999999998,3077,10.764000000000001,10764.0,None,80,None
2019-01-26 09:03:43-06:00,41.10836894251406,-73.83312664926052,2.2041399999999998,115.39999999999998,3077,10.512,10512.0,None,79,None
2019-01-26 09:03:44-06:00,41.10834153369069,-73.8331469334662,2.20764,115.39999999999998,3077,10.584,10584.0,None,79,None
2019-01-26 09:03:45-06:00,41.108317812904716,-73.83317090570927,2.21099,115.39999999999998,3077,10.656,10656.0,None,80,None
2019-01-26 09:03:46-06:00,41.10829685814679,-73.83319387212396,2.21399,115.39999999999998,3077,10.692,10692.0,None,80,None
2019-01-26 09:03:47-06:00,41.108273388817906,-73.83321189321578,2.2170199999999998,115.39999999999998,3077,10.728,10728.0,None,80,None
2019-01-26 09:03:48-06:00,41.108245896175504,-73.83322915993631,2.2204,115.60000000000002,3078,10.728,10728.0,None,80,None
2019-01-26 09:03:49-06:00,41.10821748152375,-73.83324952796102,2.2239899999999997,115.60000000000002,3078,10.764000000000001,10764.0,None,80,None
2019-01-26 09:03:50-06:00,41.108196107670665,-73.83327065035701,2.2269699999999997,115.79999999999995,3079,10.836,10836.0,None,80,None
2019-01-26 09:03:51-06:00,41.108172638341784,-73.83329244330525,2.2301599999999997,115.79999999999995,3079,10.836,10836.0,None,80,None
2019-01-26 09:04:00-06:00,41.107968958094716,-73.83340576663613,2.25509,116.20000000000005,3081,10.620000000000001,10620.0,None,79,None
2019-01-26 09:04:09-06:00,41.10778782516718,-73.83350324817002,2.27724,116.60000000000002,3083,10.188,10188.0,None,80,None
2019-01-26 09:04:19-06:00,41.10758129507303,-73.83358404971659,2.3016300000000003,117.20000000000005,3086,9.72,9720.0,None,82,None
2019-01-26 09:04:27-06:00,41.10738373361528,-73.83368312381208,2.32525,117.39999999999998,3087,9.9,9900.0,None,81,None
2019-01-26 09:04:36-06:00,41.107188016176224,-73.83383240550756,2.3504699999999996,117.60000000000002,3088,9.864,9864.0,None,80,None
2019-01-26 09:04:47-06:00,41.10698006115854,-73.83397028781474,2.3767199999999997,118.20000000000005,3091,9.576,9576.0,None,76,None
2019-01-26 09:04:56-06:00,41.10678417608142,-73.83408528752625,2.40066,118.60000000000002,3093,9.504000000000001,9504.0,None,79,None
2019-01-26 09:05:06-06:00,41.106581669300795,-73.83419383317232,2.42531,119.0,3095,9.324,9324.0,None,80,None
2019-01-26 09:05:15-06:00,41.10635921359062,-73.83431277237833,2.4523200000000003,119.79999999999995,3099,9.72,9720.0,None,81,None
2019-01-26 09:05:24-06:00,41.10613575205207,-73.83439742960036,2.47834,120.0,3100,9.864,9864.0,None,80,None
2019-01-26 09:05:33-06:00,41.10591949895024,-73.83448694832623,2.5036300000000002,119.60000000000002,3098,9.9,9900.0,None,79,None
2019-01-26 09:05:42-06:00,41.10570886172354,-73.83463606238365,2.53057,119.0,3095,10.116,10116.0,None,78,None
2019-01-26 09:05:53-06:00,41.105620516464114,-73.8348788022995,2.55425,117.79999999999995,3089,9.432,9432.0,None,79,None
2019-01-26 09:05:54-06:00,41.10561213456094,-73.83489891886711,2.55618,117.60000000000002,3088,9.432,9432.0,None,79,None
2019-01-26 09:05:55-06:00,41.10560425557196,-73.83492481894791,2.55853,117.60000000000002,3088,9.251999999999999,9252.0,None,78,None
2019-01-26 09:06:05-06:00,41.10550258308649,-73.83519371040165,2.5840799999999997,116.39999999999998,3082,9.288,9288.0,None,77,None
2019-01-26 09:06:15-06:00,41.10544139519334,-73.83546729572117,2.60818,115.60000000000002,3078,9.072000000000001,9072.0,None,77,None
2019-01-26 09:06:26-06:00,41.10533846542239,-73.83575010113418,2.63494,115.20000000000005,3076,8.82,8820.0,None,78,None
2019-01-26 09:06:34-06:00,41.105358162894845,-73.83595076389611,2.65521,114.20000000000005,3071,9.036,9036.0,None,79,None
2019-01-26 09:06:35-06:00,41.105374256148934,-73.83595981635153,2.65715,114.20000000000005,3071,9.0,9000.0,None,79,None
2019-01-26 09:06:36-06:00,41.105396216735244,-73.83597490377724,2.65992,113.79999999999995,3069,8.928,8928.0,None,79,None
2019-01-26 09:06:37-06:00,41.10541868023574,-73.83598077110946,2.66247,113.60000000000002,3068,8.964,8964.0,None,79,None
2019-01-26 09:06:38-06:00,41.10543846152723,-73.83598621934652,2.66471,113.39999999999998,3067,8.964,8964.0,None,79,None
2019-01-26 09:06:39-06:00,41.105456901714206,-73.83599015884101,2.6667899999999998,113.0,3065,8.964,8964.0,None,79,None
2019-01-26 09:06:40-06:00,41.10547911375761,-73.8359911646694,2.66928,112.79999999999995,3064,8.892000000000001,8892.0,None,79,None
2019-01-26 09:06:41-06:00,41.10550006851554,-73.83598865009844,2.67162,112.39999999999998,3062,8.892000000000001,8892.0,None,78,None
2019-01-26 09:06:51-06:00,41.10572227276862,-73.83597012609243,2.6966,111.60000000000002,3058,8.928,8928.0,None,80,None
2019-01-26 09:07:02-06:00,41.105985548347235,-73.83599082939327,2.72612,111.39999999999998,3057,9.072000000000001,9072.0,None,80,None
2019-01-26 09:07:12-06:00,41.10622267238796,-73.83590541779995,2.7540500000000003,111.60000000000002,3058,9.324,9324.0,None,79,None
2019-01-26 09:07:23-06:00,41.10642107203603,-73.83574616163969,2.7801,111.39999999999998,3057,9.107999999999999,9108.0,None,79,None
2019-01-26 09:07:29-06:00,41.10655224882066,-73.83567835204303,2.79581,111.60000000000002,3058,9.18,9180.0,None,79,None
2019-01-26 09:07:30-06:00,41.106570940464735,-73.8356642704457,2.7982,111.60000000000002,3058,9.144,9144.0,None,79,None
2019-01-26 09:07:31-06:00,41.1065917275846,-73.83565228432417,2.8007199999999997,111.60000000000002,3058,9.107999999999999,9108.0,None,79,None
2019-01-26 09:07:41-06:00,41.10678954049945,-73.83553015999496,2.82523,111.20000000000005,3056,9.072000000000001,9072.0,None,78,None
2019-01-26 09:07:52-06:00,41.106962794438004,-73.83534634485841,2.85017,111.20000000000005,3056,8.748000000000001,8748.0,None,78,None
2019-01-26 09:08:02-06:00,41.10716639086604,-73.83522690273821,2.87533,111.39999999999998,3057,8.784,8784.0,None,81,None
2019-01-26 09:08:11-06:00,41.107366885989904,-73.8352017570287,2.89786,111.39999999999998,3057,8.892000000000001,8892.0,None,81,None
2019-01-26 09:08:22-06:00,41.107615660876036,-73.83513310924172,2.9264200000000002,112.0,3060,9.0,9000.0,None,81,None
2019-01-26 09:08:32-06:00,41.10783216543496,-73.83502556942403,2.9523699999999997,113.60000000000002,3068,9.144,9144.0,None,79,None
2019-01-26 09:08:42-06:00,41.10804934054613,-73.83488492108881,2.9794099999999997,113.39999999999998,3067,9.288,9288.0,None,78,None
2019-01-26 09:08:51-06:00,41.10821739770472,-73.83473111316562,3.00223,113.0,3065,9.251999999999999,9252.0,None,79,None
2019-01-26 09:09:00-06:00,41.108416551724076,-73.83460010401905,3.02713,113.39999999999998,3067,9.395999999999999,9396.0,None,79,None
2019-01-26 09:09:09-06:00,41.10869659110904,-73.83451494388282,3.0593600000000003,113.20000000000005,3066,10.332,10332.0,None,81,None
2019-01-26 09:09:18-06:00,41.108932960778475,-73.83454478345811,3.08592,113.39999999999998,3067,10.296,10296.0,None,81,None
2019-01-26 09:09:27-06:00,41.10914493910968,-73.8346438575536,3.1113299999999997,113.0,3065,10.26,10260.0,None,80,None
2019-01-26 09:09:36-06:00,41.109367897734046,-73.83475030772388,3.13779,112.20000000000005,3061,10.332,10332.0,None,80,None
2019-01-26 09:09:44-06:00,41.1095842346549,-73.83475366048515,3.16193,112.0,3060,10.548,10548.0,None,81,None
2019-01-26 09:09:54-06:00,41.10982093960047,-73.83467671461403,3.18921,113.20000000000005,3066,10.224,10224.0,None,81,None
2019-01-26 09:10:04-06:00,41.11003518104553,-73.83454771712422,3.21548,113.39999999999998,3067,10.116,10116.0,None,81,None
2019-01-26 09:10:06-06:00,41.110075917094946,-73.83452709764242,3.22035,113.60000000000002,3068,9.936,9936.0,None,80,None
2019-01-26 09:10:14-06:00,41.11025679856539,-73.83443950675428,3.24192,113.60000000000002,3068,9.972,9972.0,None,80,None
2019-01-26 09:10:24-06:00,41.1104822717607,-73.83440136909485,3.26727,113.39999999999998,3067,9.648000000000001,9648.0,None,78,None
2019-01-26 09:10:34-06:00,41.1107069067657,-73.83442743681371,3.29249,113.60000000000002,3068,9.54,9540.0,None,80,None
2019-01-26 09:10:42-06:00,41.11084478907287,-73.8344353158027,3.3083899999999997,114.20000000000005,3071,8.892000000000001,8892.0,None,80,None
2019-01-26 09:10:51-06:00,41.1110713519156,-73.83424856700003,3.33892,113.60000000000002,3068,9.72,9720.0,None,80,None
2019-01-26 09:10:52-06:00,41.11110848374665,-73.83422384038568,3.34355,113.39999999999998,3067,9.756,9756.0,None,80,None
2019-01-26 09:10:53-06:00,41.11112516373396,-73.83419542573392,3.3465599999999998,113.20000000000005,3066,9.972,9972.0,None,80,None
2019-01-26 09:11:01-06:00,41.111259860917926,-73.83394514210522,3.3730599999999997,112.39999999999998,3062,10.368,10368.0,None,77,None
2019-01-26 09:11:10-06:00,41.11134661361575,-73.83367717266083,3.39789,111.60000000000002,3058,10.368,10368.0,None,79,None
2019-01-26 09:11:19-06:00,41.111353151500225,-73.83338958956301,3.4221999999999997,111.79999999999995,3059,10.188,10188.0,None,80,None
2019-01-26 09:11:28-06:00,41.11133856698871,-73.83311701007187,3.44548,111.79999999999995,3059,9.972,9972.0,None,80,None
2019-01-26 09:11:37-06:00,41.11137251369655,-73.83282967843115,3.46995,112.0,3060,9.9,9900.0,None,80,None
2019-01-26 09:11:46-06:00,41.11143973655999,-73.83257562294602,3.49261,112.39999999999998,3062,9.684,9684.0,None,80,None
2019-01-26 09:11:55-06:00,41.11151081509888,-73.8323123473674,3.51612,112.60000000000002,3063,9.612,9612.0,None,79,None
2019-01-26 09:12:04-06:00,41.111458176746964,-73.8320535980165,3.5394699999999997,112.20000000000005,3061,9.54,9540.0,None,80,None
2019-01-26 09:12:14-06:00,41.11133420839906,-73.83177632465959,3.56651,111.79999999999995,3059,9.612,9612.0,None,79,None
2019-01-26 09:12:23-06:00,41.11120697110891,-73.83153635077178,3.5911500000000003,112.20000000000005,3061,9.684,9684.0,None,81,None
2019-01-26 09:12:31-06:00,41.11107302829623,-73.83126142434776,3.6187,111.79999999999995,3059,11.592,11592.0,None,80,None
2019-01-26 09:12:39-06:00,41.11090237274766,-73.83112127892673,3.64135,110.60000000000002,3053,10.512,10512.0,None,81,None
2019-01-26 09:12:47-06:00,41.11069877631962,-73.8311449997127,3.6644699999999997,110.60000000000002,3053,10.476,10476.0,None,86,None
2019-01-26 09:12:54-06:00,41.11052024178207,-73.8312300760299,3.68596,111.0,3055,10.656,10656.0,None,82,None
2019-01-26 09:13:02-06:00,41.11033760011196,-73.83134708739817,3.7089000000000003,111.20000000000005,3056,10.620000000000001,10620.0,None,81,None
2019-01-26 09:13:10-06:00,41.11014045774937,-73.83145043626428,3.73259,111.60000000000002,3058,10.44,10440.0,None,80,None
2019-01-26 09:13:18-06:00,41.109983045607805,-73.83159535937011,3.7540500000000003,111.60000000000002,3058,10.404,10404.0,None,82,None
2019-01-26 09:13:30-06:00,41.10977550968528,-73.8317303918302,3.77998,112.39999999999998,3062,9.432,9432.0,None,81,None
2019-01-26 09:13:40-06:00,41.10956554301083,-73.83187715895474,3.80648,112.79999999999995,3064,9.504000000000001,9504.0,None,79,None
2019-01-26 09:13:49-06:00,41.10935742035508,-73.83203733712435,3.83338,113.20000000000005,3066,9.756,9756.0,None,80,None
2019-01-26 09:13:50-06:00,41.10934811644256,-73.83205611258745,3.8352600000000003,113.0,3065,9.792000000000002,9792.0,None,80,None
2019-01-26 09:14:00-06:00,41.109162122011185,-73.83223397657275,3.861,113.39999999999998,3067,9.576,9576.0,None,81,None
2019-01-26 09:14:09-06:00,41.10897277481854,-73.83242223411798,3.8875100000000002,113.79999999999995,3069,9.828,9828.0,None,80,None
2019-01-26 09:14:17-06:00,41.10880471765995,-73.83260269649327,3.91177,114.20000000000005,3071,10.08,10080.0,None,79,None
2019-01-26 09:14:25-06:00,41.108657447621226,-73.83278667926788,3.9345,114.20000000000005,3071,10.152,10152.0,None,80,None
2019-01-26 09:14:33-06:00,41.10848234966397,-73.83295540697873,3.95877,114.79999999999995,3074,10.332,10332.0,None,82,None
2019-01-26 09:14:42-06:00,41.108318818733096,-73.83309379220009,3.9805300000000003,115.0,3075,9.864,9864.0,None,80,None
2019-01-26 09:14:50-06:00,41.10814363695681,-73.83322170004249,4.00285,115.39999999999998,3077,9.864,9864.0,None,80,None
2019-01-26 09:14:58-06:00,41.107980189844966,-73.83333770558238,4.02357,115.39999999999998,3077,9.792000000000002,9792.0,None,79,None
2019-01-26 09:15:06-06:00,41.10780945047736,-73.83344549685717,4.04477,115.39999999999998,3077,9.756,9756.0,None,80,None
2019-01-26 09:15:15-06:00,41.10763686709106,-73.83356837555766,4.06692,116.20000000000005,3081,9.432,9432.0,None,81,None
2019-01-26 09:15:24-06:00,41.10744332894683,-73.83365705609322,4.08976,116.60000000000002,3083,9.360000000000001,9360.0,None,80,None
2019-01-26 09:15:32-06:00,41.107276529073715,-73.83374414406717,4.1098,116.79999999999995,3084,9.216000000000001,9216.0,None,79,None
2019-01-26 09:15:41-06:00,41.107103610411286,-73.83384045213461,4.1307,117.20000000000005,3086,9.18,9180.0,None,80,None
2019-01-26 09:15:46-06:00,41.10703772865236,-73.8338895700872,4.13932,117.39999999999998,3087,8.712,8712.0,None,81,None
2019-01-26 09:15:47-06:00,41.107033118605614,-73.83390272967517,4.14055,117.39999999999998,3087,8.712,8712.0,None,81,None
2019-01-26 09:15:48-06:00,41.10701886937022,-73.83391387760639,4.14241,117.39999999999998,3087,8.424,8424.0,None,82,None
2019-01-26 09:15:49-06:00,41.10699933953583,-73.83392385207117,4.14475,117.60000000000002,3088,8.388,8388.0,None,82,None
2019-01-26 09:15:50-06:00,41.1069802287966,-73.83393541909754,4.1471,117.60000000000002,3088,8.388,8388.0,None,83,None
2019-01-26 09:15:51-06:00,41.1069646384567,-73.83394765667617,4.149109999999999,117.79999999999995,3089,8.388,8388.0,None,83,None
2019-01-26 09:15:52-06:00,41.10694343224168,-73.83395888842642,4.15165,118.0,3090,8.352,8352.0,None,83,None
2019-01-26 09:15:53-06:00,41.1069197114557,-73.8339704554528,4.1544799999999995,118.0,3090,8.352,8352.0,None,83,None
2019-01-26 09:15:54-06:00,41.106896912679076,-73.83398068137467,4.15716,117.79999999999995,3089,8.424,8424.0,None,81,None
2019-01-26 09:15:55-06:00,41.106885178014636,-73.83398755453527,4.15858,117.79999999999995,3089,8.46,8460.0,None,81,None
2019-01-26 09:15:56-06:00,41.10686740837991,-73.8340013846755,4.16087,117.79999999999995,3089,8.352,8352.0,None,80,None
2019-01-26 09:15:57-06:00,41.1068456992507,-73.83401865139604,4.16371,117.79999999999995,3089,8.352,8352.0,None,80,None
2019-01-26 09:16:07-06:00,41.106629781425,-73.83416089229286,4.190600000000001,118.60000000000002,3093,8.712,8712.0,None,81,None
2019-01-26 09:16:16-06:00,41.1064328905195,-73.83426273241639,4.21422,118.79999999999995,3094,8.928,8928.0,None,81,None
2019-01-26 09:16:24-06:00,41.106236670166254,-73.83439751341939,4.2388900000000005,118.79999999999995,3094,9.395999999999999,9396.0,None,78,None
2019-01-26 09:16:34-06:00,41.10602603293955,-73.83448652923107,4.2636,119.20000000000005,3096,9.216000000000001,9216.0,None,78,None
2019-01-26 09:16:43-06:00,41.1058163177222,-73.83457688614726,4.2882299999999995,118.60000000000002,3093,9.504000000000001,9504.0,None,80,None
2019-01-26 09:16:53-06:00,41.10565739683807,-73.83477067574859,4.31341,118.20000000000005,3091,9.251999999999999,9252.0,None,78,None
2019-01-26 09:17:04-06:00,41.10561355948448,-73.83504224941134,4.3371,116.39999999999998,3082,8.964,8964.0,None,79,None
2019-01-26 09:17:13-06:00,41.1055211070925,-73.83530636318028,4.3618999999999994,115.39999999999998,3077,9.036,9036.0,None,79,None
2019-01-26 09:17:22-06:00,41.10545958392322,-73.83558464236557,4.386609999999999,114.79999999999995,3074,9.251999999999999,9252.0,None,79,None
2019-01-26 09:17:29-06:00,41.10539931803942,-73.83574607782066,4.40235,114.39999999999998,3072,9.036,9036.0,None,80,None
2019-01-26 09:17:30-06:00,41.10538238659501,-73.83576175197959,4.4046400000000006,114.39999999999998,3072,9.036,9036.0,None,80,None
2019-01-26 09:17:36-06:00,41.10535103827715,-73.83589510805905,4.41791,114.0,3070,8.82,8820.0,None,78,None
2019-01-26 09:17:37-06:00,41.10536277294159,-73.83591606281698,4.42009,113.79999999999995,3069,8.82,8820.0,None,77,None
2019-01-26 09:17:38-06:00,41.1053778603673,-73.83593341335654,4.42233,113.60000000000002,3068,8.748000000000001,8748.0,None,77,None
2019-01-26 09:17:39-06:00,41.105394875630736,-73.83594791404903,4.42458,113.0,3065,8.748000000000001,8748.0,None,77,None
2019-01-26 09:17:40-06:00,41.10541281290352,-73.83595847524703,4.42677,112.79999999999995,3064,8.712,8712.0,None,78,None
2019-01-26 09:17:41-06:00,41.10543075017631,-73.83596551604569,4.428850000000001,112.60000000000002,3063,8.676,8676.0,None,78,None
2019-01-26 09:17:42-06:00,41.10544768162072,-73.8359684497118,4.430770000000001,112.60000000000002,3063,8.64,8640.0,None,79,None
2019-01-26 09:17:50-06:00,41.10556301660836,-73.83597959764302,4.44393,111.60000000000002,3058,7.992000000000001,7992.0,None,76,None
2019-01-26 09:17:51-06:00,41.1055797804147,-73.83597859181464,4.4458,111.60000000000002,3058,7.956,7956.0,None,76,None
2019-01-26 09:18:01-06:00,41.105797961354256,-73.83598580025136,4.47023,111.0,3055,8.136,8136.0,None,80,None
2019-01-26 09:18:10-06:00,41.10601446591318,-73.83601220324636,4.494680000000001,111.39999999999998,3057,8.496,8496.0,None,81,None
2019-01-26 09:18:19-06:00,41.10624044202268,-73.83588647469878,4.522060000000001,111.20000000000005,3056,9.144,9144.0,None,81,None
2019-01-26 09:18:28-06:00,41.10645778477192,-73.83574255742133,4.54929,111.39999999999998,3057,9.648000000000001,9648.0,None,80,None
2019-01-26 09:18:38-06:00,41.10665853135288,-73.8355870731175,4.57538,111.60000000000002,3058,9.576,9576.0,None,81,None
2019-01-26 09:18:47-06:00,41.10688744112849,-73.83547534234822,4.602609999999999,111.39999999999998,3057,9.936,9936.0,None,80,None
2019-01-26 09:18:56-06:00,41.10708139836788,-73.8353481888771,4.6268199999999995,111.20000000000005,3056,9.864,9864.0,None,79,None
2019-01-26 09:19:05-06:00,41.10727284103632,-73.83522371761501,4.65069,111.20000000000005,3056,9.792000000000002,9792.0,None,80,None
2019-01-26 09:19:15-06:00,41.10749512910843,-73.83513838984072,4.67657,111.39999999999998,3057,9.576,9576.0,None,82,None
2019-01-26 09:19:25-06:00,41.10771716572344,-73.83506244979799,4.70214,112.20000000000005,3061,9.432,9432.0,None,80,None
2019-01-26 09:19:30-06:00,41.10782545991242,-73.8350154273212,4.71485,112.79999999999995,3064,9.504000000000001,9504.0,None,80,None
2019-01-26 09:19:31-06:00,41.10784398391843,-73.83501106873155,4.7169300000000005,113.0,3065,9.432,9432.0,None,80,None
2019-01-26 09:19:32-06:00,41.10786351375282,-73.83500126190484,4.71925,113.20000000000005,3066,9.360000000000001,9360.0,None,80,None
2019-01-26 09:19:33-06:00,41.107885306701064,-73.83499103598297,4.72183,113.39999999999998,3067,9.324,9324.0,None,81,None
2019-01-26 09:19:34-06:00,41.1079057585448,-73.83498005568981,4.724279999999999,113.60000000000002,3068,9.324,9324.0,None,81,None
2019-01-26 09:19:44-06:00,41.108122346922755,-73.83482088334858,4.7519,113.60000000000002,3068,9.432,9432.0,None,79,None
2019-01-26 09:19:53-06:00,41.10830155201256,-73.83469255641103,4.7747,113.20000000000005,3066,9.432,9432.0,None,79,None
2019-01-26 09:20:03-06:00,41.108492743223906,-73.83455718867481,4.798979999999999,113.39999999999998,3067,9.18,9180.0,None,79,None
2019-01-26 09:20:13-06:00,41.10869768075645,-73.83451486006379,4.82251,113.20000000000005,3066,9.0,9000.0,None,78,None
2019-01-26 09:20:15-06:00,41.108725341036916,-73.83450890891254,4.82532,113.39999999999998,3067,8.892000000000001,8892.0,None,79,None
2019-01-26 09:20:16-06:00,41.10874906182289,-73.83450848981738,4.82799,113.39999999999998,3067,8.748000000000001,8748.0,None,79,None
2019-01-26 09:20:17-06:00,41.10877110622823,-73.83450823836029,4.830439999999999,113.60000000000002,3068,8.748000000000001,8748.0,None,79,None
2019-01-26 09:20:27-06:00,41.10898358747363,-73.83456951007247,4.85517,113.60000000000002,3068,8.82,8820.0,None,79,None
2019-01-26 09:20:37-06:00,41.10920637845993,-73.83468140847981,4.88188,113.20000000000005,3066,9.0,9000.0,None,78,None
2019-01-26 09:20:47-06:00,41.109446100890636,-73.83476606570184,4.909590000000001,112.60000000000002,3063,9.324,9324.0,None,79,None
2019-01-26 09:20:57-06:00,41.109701078385115,-73.83475659415126,4.9382399999999995,113.0,3065,9.54,9540.0,None,79,None
2019-01-26 09:21:06-06:00,41.109857987612486,-73.8346943166107,4.9567,113.79999999999995,3069,9.072000000000001,9072.0,None,80,None
2019-01-26 09:21:07-06:00,41.109871147200465,-73.83467981591821,4.958600000000001,113.79999999999995,3069,9.0,9000.0,None,79,None
2019-01-26 09:21:08-06:00,41.10989931039512,-73.83467034436762,4.96185,113.79999999999995,3069,8.928,8928.0,None,79,None
2019-01-26 09:21:18-06:00,41.11012386158109,-73.83453455753624,4.989439999999999,114.20000000000005,3071,9.288,9288.0,None,79,None
2019-01-26 09:21:28-06:00,41.11032477580011,-73.83442492224276,5.01387,114.20000000000005,3071,9.18,9180.0,None,79,None
2019-01-26 09:21:37-06:00,41.11049928702414,-73.83439751341939,5.0335600000000005,113.79999999999995,3069,8.928,8928.0,None,78,None
2019-01-26 09:21:38-06:00,41.11052334308624,-73.834393825382,5.03626,113.79999999999995,3069,8.784,8784.0,None,79,None
2019-01-26 09:21:39-06:00,41.11055091954768,-73.8343935739249,5.03934,113.79999999999995,3069,8.82,8820.0,None,79,None
2019-01-26 09:21:40-06:00,41.11057103611529,-73.83439717814326,5.04158,113.79999999999995,3069,8.892000000000001,8892.0,None,79,None
2019-01-26 09:21:41-06:00,41.110586961731315,-73.83440170437098,5.0433900000000005,113.79999999999995,3069,8.856,8856.0,None,79,None
2019-01-26 09:21:42-06:00,41.110599702224135,-73.8344041351229,5.04482,113.79999999999995,3069,8.784,8784.0,None,79,None
2019-01-26 09:21:43-06:00,41.110619651153684,-73.83440748788416,5.04708,113.79999999999995,3069,8.64,8640.0,None,79,None
2019-01-26 09:21:44-06:00,41.11063708551228,-73.83441000245512,5.0490200000000005,113.60000000000002,3068,8.64,8640.0,None,79,None
2019-01-26 09:21:55-06:00,41.11084906384349,-73.83444730192423,5.0732,113.79999999999995,3069,8.28,8280.0,None,80,None
2019-01-26 09:22:04-06:00,41.111046709120274,-73.83429240435362,5.09954,114.0,3070,9.216000000000001,9216.0,None,81,None
2019-01-26 09:22:13-06:00,41.11120194196701,-73.83404580876231,5.1268199999999995,113.0,3065,10.656,10656.0,None,80,None
2019-01-26 09:22:21-06:00,41.11126849427819,-73.8337838742882,5.15008,112.20000000000005,3061,10.584,10584.0,None,80,None
2019-01-26 09:22:30-06:00,41.11129322089255,-73.83349017240107,5.17508,111.79999999999995,3059,10.404,10404.0,None,80,None
2019-01-26 09:22:38-06:00,41.11128123477101,-73.8332246337086,5.197439999999999,112.0,3060,10.368,10368.0,None,81,None
2019-01-26 09:22:47-06:00,41.111308140680194,-73.83296085521579,5.219930000000001,112.0,3060,10.008,10008.0,None,81,None
2019-01-26 09:22:56-06:00,41.11138131469488,-73.83270621299744,5.24288,113.0,3065,9.828,9828.0,None,82,None
2019-01-26 09:22:57-06:00,41.111396150663495,-73.83268198929727,5.24548,113.0,3065,9.756,9756.0,None,82,None
2019-01-26 09:22:58-06:00,41.11140361055732,-73.8326564244926,5.24777,113.0,3065,9.756,9756.0,None,82,None
2019-01-26 09:22:59-06:00,41.11141098663211,-73.83262415416539,5.2506,113.0,3065,9.684,9684.0,None,82,None
2019-01-26 09:23:08-06:00,41.11147812567651,-73.83233363740146,5.27627,113.0,3065,9.9,9900.0,None,81,None
2019-01-26 09:23:17-06:00,41.11142171546817,-73.83204597048461,5.30167,112.60000000000002,3063,9.9,9900.0,None,80,None
2019-01-26 09:23:25-06:00,41.1113010160625,-73.83181094191968,5.32552,112.20000000000005,3061,10.08,10080.0,None,80,None
2019-01-26 09:23:33-06:00,41.111188950017095,-73.83158965967596,5.34791,112.0,3060,10.152,10152.0,None,80,None
2019-01-26 09:23:41-06:00,41.111084343865514,-73.83137189783156,5.36965,112.0,3060,10.008,10008.0,None,80,None
2019-01-26 09:23:49-06:00,41.11103790812194,-73.83112370967865,5.39168,111.60000000000002,3058,10.044,10044.0,None,80,None
2019-01-26 09:23:57-06:00,41.111099598929286,-73.8308933749795,5.4122200000000005,111.0,3055,9.828,9828.0,None,81,None
2019-01-26 09:24:05-06:00,41.11117763444781,-73.83066639304161,5.433140000000001,110.79999999999995,3054,9.72,9720.0,None,80,None
2019-01-26 09:24:13-06:00,41.1112196277827,-73.83042583242059,5.45421,111.0,3055,9.648000000000001,9648.0,None,79,None
2019-01-26 09:24:22-06:00,41.11132180318236,-73.83021024987102,5.475689999999999,110.39999999999998,3052,9.395999999999999,9396.0,None,80,None
2019-01-26 09:24:31-06:00,41.11142238602042,-73.83000003173947,5.49681,110.60000000000002,3053,9.144,9144.0,None,79,None
2019-01-26 09:24:41-06:00,41.11155029386282,-73.82979584857821,5.51916,110.0,3050,8.82,8820.0,None,79,None
2019-01-26 09:24:49-06:00,41.11165724694729,-73.82961412891746,5.53888,109.60000000000002,3048,8.856,8856.0,None,78,None
2019-01-26 09:24:50-06:00,41.11165783368051,-73.82958680391312,5.54117,109.60000000000002,3048,8.82,8820.0,None,77,None
2019-01-26 09:24:51-06:00,41.111649787053466,-73.82955579087138,5.5439300000000005,109.60000000000002,3048,8.784,8784.0,None,77,None
2019-01-26 09:25:00-06:00,41.11158415675163,-73.82926837541163,5.569229999999999,109.79999999999995,3049,9.144,9144.0,None,81,None
2019-01-26 09:25:05-06:00,41.11160226166248,-73.82912194356322,5.58195,109.79999999999995,3049,9.18,9180.0,None,81,None
2019-01-26 09:25:15-06:00,41.11170971766114,-73.8288692291826,5.60628,109.20000000000005,3046,9.036,9036.0,None,78,None
2019-01-26 09:25:23-06:00,41.11187274567783,-73.82866898551583,5.631,108.39999999999998,3042,9.54,9540.0,None,79,None
2019-01-26 09:25:32-06:00,41.112005515024066,-73.82844753563404,5.65483,106.79999999999995,3034,9.54,9540.0,None,79,None
2019-01-26 09:25:38-06:00,41.112067541107535,-73.82829490117729,5.6696,106.0,3030,9.432,9432.0,None,80,None
2019-01-26 09:25:48-06:00,41.11220207065344,-73.8281043805182,5.691739999999999,104.79999999999995,3024,9.036,9036.0,None,79,None
2019-01-26 09:25:59-06:00,41.11232536844909,-73.82789860479534,5.714600000000001,104.39999999999998,3022,8.496,8496.0,None,80,None
2019-01-26 09:26:00-06:00,41.11232075840235,-73.82786247879267,5.71767,104.39999999999998,3022,8.532,8532.0,None,80,None
2019-01-26 09:26:09-06:00,41.11230617389083,-73.82757221348584,5.7438400000000005,106.20000000000005,3031,8.964,8964.0,None,81,None
2019-01-26 09:26:19-06:00,41.112400805577636,-73.82728144526482,5.76996,108.0,3040,9.18,9180.0,None,81,None
2019-01-26 09:26:29-06:00,41.11253407783806,-73.82705421186984,5.794479999999999,111.20000000000005,3056,9.216000000000001,9216.0,None,81,None
2019-01-26 09:26:39-06:00,41.11267154105008,-73.82682714611292,5.81904,114.20000000000005,3071,9.0,9000.0,None,80,None
2019-01-26 09:26:49-06:00,41.11280397512019,-73.82660368457437,5.8429899999999995,116.39999999999998,3082,8.964,8964.0,None,79,None
2019-01-26 09:27:00-06:00,41.11290690489113,-73.82636262103915,5.8667,118.79999999999995,3094,8.532,8532.0,None,80,None
2019-01-26 09:27:13-06:00,41.11310756765306,-73.82620613090694,5.8935,121.0,3105,8.136,8136.0,None,80,None
2019-01-26 09:27:26-06:00,41.113338405266404,-73.82624519057572,5.92003,124.20000000000005,3121,7.920000000000001,7920.0,None,81,None
2019-01-26 09:27:39-06:00,41.113578379154205,-73.82634300738573,5.94804,127.0,3135,7.812,7812.0,None,80,None
2019-01-26 09:27:50-06:00,41.11381835304201,-73.82644878700376,5.97629,129.60000000000002,3148,8.352,8352.0,None,81,None
2019-01-26 09:27:59-06:00,41.114017674699426,-73.82654258050025,6.00038,131.0,3155,8.604000000000001,8604.0,None,80,None
2019-01-26 09:28:08-06:00,41.114193527027965,-73.82667073979974,6.0239899999999995,131.39999999999998,3157,8.892000000000001,8892.0,None,79,None
2019-01-26 09:28:19-06:00,41.11440676264465,-73.82663704454899,6.048970000000001,132.60000000000002,3163,8.784,8784.0,None,81,None
2019-01-26 09:28:30-06:00,41.11464380286634,-73.82654090411961,6.07684,134.20000000000005,3171,8.748000000000001,8748.0,None,81,None
2019-01-26 09:28:40-06:00,41.114829210564494,-73.82637779228389,6.10184,133.60000000000002,3168,8.892000000000001,8892.0,None,78,None
2019-01-26 09:28:50-06:00,41.115018809214234,-73.82621702738106,6.12697,133.79999999999995,3169,8.892000000000001,8892.0,None,79,None
2019-01-26 09:29:02-06:00,41.11521125771105,-73.82606958970428,6.1518500000000005,135.39999999999998,3177,8.46,8460.0,None,80,None
2019-01-26 09:29:12-06:00,41.11536062322557,-73.82594511844218,6.171819999999999,138.39999999999998,3192,8.136,8136.0,None,80,None
2019-01-26 09:29:13-06:00,41.11539096571505,-73.82594210095704,6.17524,138.60000000000002,3193,8.064000000000002,8064.0,None,79,None
2019-01-26 09:29:14-06:00,41.115408819168806,-73.8259332999587,6.17734,138.79999999999995,3194,8.208,8208.0,None,79,None
2019-01-26 09:29:24-06:00,41.115624317899346,-73.82583053782582,6.20289,139.39999999999998,3197,8.496,8496.0,None,79,None
2019-01-26 09:29:36-06:00,41.11583017744124,-73.82569793611765,6.22855,138.79999999999995,3194,8.28,8280.0,None,80,None
2019-01-26 09:29:47-06:00,41.11602949909866,-73.82552367635071,6.25519,140.0,3200,8.352,8352.0,None,80,None
2019-01-26 09:29:58-06:00,41.11626645550132,-73.82541596889496,6.28335,142.20000000000005,3211,8.64,8640.0,None,80,None
2019-01-26 09:30:05-06:00,41.11641154624522,-73.82537573575974,6.29992,142.79999999999995,3214,8.496,8496.0,None,80,None
2019-01-26 09:30:06-06:00,41.116433842107654,-73.82537347264588,6.30239,143.0,3215,8.604000000000001,8604.0,None,79,None
2019-01-26 09:30:14-06:00,41.11657926812768,-73.82534572854638,6.318770000000001,143.20000000000005,3216,8.424,8424.0,None,78,None
2019-01-26 09:30:18-06:00,41.116614472121,-73.82534774020314,6.32272,143.0,3215,4.104,4104.0,None,80,None
2019-01-26 09:30:19-06:00,41.11663140356541,-73.82534698583186,6.3246199999999995,143.0,3215,5.292,5292.0,None,80,None
2019-01-26 09:30:20-06:00,41.116649340838194,-73.82534019649029,6.3267,143.0,3215,6.372,6372.0,None,80,None
2019-01-26 09:30:21-06:00,41.11666769720614,-73.82533164694905,6.32886,143.20000000000005,3216,7.128,7128.0,None,80,None
2019-01-26 09:30:22-06:00,41.11668395809829,-73.82531781680882,6.3310200000000005,143.39999999999998,3217,7.5600000000000005,7560.0,None,79,None
2019-01-26 09:30:23-06:00,41.116696279495955,-73.82529174908996,6.333609999999999,143.60000000000002,3218,7.668,7668.0,None,79,None
2019-01-26 09:30:24-06:00,41.11670969054103,-73.82526475936174,6.33632,143.79999999999995,3219,7.668,7668.0,None,79,None
2019-01-26 09:30:25-06:00,41.116718323901296,-73.82523533888161,6.33894,144.20000000000005,3221,9.288,9288.0,None,80,None
2019-01-26 09:30:26-06:00,41.11672771163285,-73.82520901970565,6.3413699999999995,144.39999999999998,3222,9.468,9468.0,None,80,None
2019-01-26 09:30:35-06:00,41.11673961393535,-73.82494113408029,6.36429,146.0,3230,9.792000000000002,9792.0,None,79,None
2019-01-26 09:30:46-06:00,41.1167389433831,-73.82467358373106,6.38695,146.39999999999998,3232,7.524,7524.0,None,78,None
2019-01-26 09:30:54-06:00,41.1166678648442,-73.82451575249434,6.40379,145.79999999999995,3229,7.812,7812.0,None,78,None
2019-01-26 09:30:55-06:00,41.116650430485606,-73.82451239973307,6.40576,145.60000000000002,3228,7.74,7740.0,None,77,None
2019-01-26 09:30:59-06:00,41.11659343354404,-73.82448767311871,6.41259,145.0,3225,7.596,7596.0,None,76,None
2019-01-26 09:31:02-06:00,41.11659846268594,-73.82447375915945,6.414689999999999,144.79999999999995,3224,7.128,7128.0,None,75,None
2019-01-26 09:31:03-06:00,41.11660818569362,-73.82448038086295,6.41591,144.79999999999995,3224,4.284,4284.0,None,75,None
2019-01-26 09:31:04-06:00,41.11661966890097,-73.8244863320142,6.41728,145.20000000000005,3226,4.32,4320.0,None,75,None
2019-01-26 09:31:12-06:00,41.11673408187926,-73.82459579966962,6.434060000000001,146.20000000000005,3231,7.38,7380.0,None,80,None
2019-01-26 09:31:14-06:00,41.116744223982096,-73.82463335059583,6.43741,146.39999999999998,3232,5.9399999999999995,5940.0,None,80,None
2019-01-26 09:31:24-06:00,41.11687649041414,-73.82487575523555,6.46286,146.0,3230,9.288,9288.0,None,77,None
2019-01-26 09:31:37-06:00,41.117038764059544,-73.82491196505725,6.482270000000001,147.20000000000005,3236,5.148,5148.0,None,80,None
2019-01-26 09:31:50-06:00,41.11725552007556,-73.82480098865926,6.50827,148.39999999999998,3242,6.012,6012.0,None,79,None
2019-01-26 09:32:02-06:00,41.117502534762025,-73.8247561454773,6.53618,148.0,3240,6.803999999999999,6804.0,None,78,None
2019-01-26 09:32:12-06:00,41.117755584418774,-73.82478556595743,6.5646,145.60000000000002,3228,7.74,7740.0,None,80,None
2019-01-26 09:32:24-06:00,41.11801818944514,-73.82479285821319,6.5953800000000005,144.0,3220,8.28,8280.0,None,79,None
2019-01-26 09:32:36-06:00,41.11823284998536,-73.82459571585059,6.624680000000001,145.0,3225,8.496,8496.0,None,80,None
2019-01-26 09:32:51-06:00,41.11847802065313,-73.82440058514476,6.657229999999999,144.20000000000005,3221,8.136,8136.0,None,78,None
2019-01-26 09:33:02-06:00,41.118728555738926,-73.82438759319484,6.68529,142.20000000000005,3211,8.532,8532.0,None,80,None
2019-01-26 09:33:14-06:00,41.118994848802686,-73.82423646748066,6.71775,143.0,3215,8.748000000000001,8748.0,None,81,None
2019-01-26 09:33:21-06:00,41.119153182953596,-73.82407360710204,6.74031,144.60000000000002,3223,9.395999999999999,9396.0,None,82,None
2019-01-26 09:33:22-06:00,41.119176568463445,-73.82404963485897,6.743600000000001,145.0,3225,9.504000000000001,9504.0,None,82,None
2019-01-26 09:33:31-06:00,41.11931428313255,-73.82383338175714,6.76743,148.20000000000005,3241,9.576,9576.0,None,82,None
2019-01-26 09:33:41-06:00,41.119442442432046,-73.82356884889305,6.79427,149.60000000000002,3248,9.612,9612.0,None,79,None
2019-01-26 09:33:50-06:00,41.11949088983238,-73.82329182699323,6.81846,150.20000000000005,3251,9.576,9576.0,None,80,None
2019-01-26 09:33:57-06:00,41.11960915848613,-73.82311790250242,6.8383,149.79999999999995,3249,9.756,9756.0,None,79,None
2019-01-26 09:33:58-06:00,41.11962642520666,-73.82309501990676,6.84102,149.79999999999995,3249,9.756,9756.0,None,79,None
2019-01-26 09:33:59-06:00,41.11964553594589,-73.82307414896786,6.84378,149.79999999999995,3249,9.756,9756.0,None,79,None
2019-01-26 09:34:07-06:00,41.11980680376291,-73.82289620116353,6.86713,149.20000000000005,3246,9.828,9828.0,None,79,None
2019-01-26 09:34:16-06:00,41.119981314986944,-73.82272034883499,6.89158,146.39999999999998,3232,9.9,9900.0,None,81,None
2019-01-26 09:34:26-06:00,41.120153814554214,-73.82258213125169,6.9144499999999995,143.79999999999995,3219,9.432,9432.0,None,79,None
2019-01-26 09:34:27-06:00,41.12017669714987,-73.82257928140461,6.917020000000001,143.60000000000002,3218,9.395999999999999,9396.0,None,79,None
2019-01-26 09:34:28-06:00,41.12019748426974,-73.82257550954819,6.91934,143.60000000000002,3218,9.395999999999999,9396.0,None,79,None
2019-01-26 09:34:29-06:00,41.120219361037016,-73.82257902994752,6.9218,143.20000000000005,3216,9.360000000000001,9360.0,None,79,None
2019-01-26 09:34:30-06:00,41.12024400383234,-73.82258087396622,6.92458,143.20000000000005,3216,9.324,9324.0,None,79,None
2019-01-26 09:34:39-06:00,41.120431842282414,-73.82265170104802,6.9464,142.20000000000005,3211,9.18,9180.0,None,79,None
2019-01-26 09:34:41-06:00,41.12046637572348,-73.82266653701663,6.950489999999999,141.20000000000005,3206,9.072000000000001,9072.0,None,77,None
2019-01-26 09:34:51-06:00,41.12065312452614,-73.82275144569576,6.972510000000001,138.0,3190,8.748000000000001,8748.0,None,80,None
2019-01-26 09:34:57-06:00,41.12075261771679,-73.82273434661329,6.98402,135.60000000000002,3178,8.46,8460.0,None,80,None
2019-01-26 09:34:58-06:00,41.12076435238123,-73.82271884009242,6.98586,135.39999999999998,3177,8.46,8460.0,None,81,None
2019-01-26 09:34:59-06:00,41.120778350159526,-73.8227010704577,6.98801,135.0,3175,8.316,8316.0,None,81,None
2019-01-26 09:35:00-06:00,41.12079134210944,-73.82268078625202,6.99024,134.60000000000002,3173,8.316,8316.0,None,81,None
2019-01-26 09:35:01-06:00,41.120803244411945,-73.82265178486705,6.9930200000000005,134.20000000000005,3171,8.28,8280.0,None,80,None
2019-01-26 09:35:02-06:00,41.120807603001595,-73.82262219674885,6.99554,133.79999999999995,3169,8.352,8352.0,None,79,None
2019-01-26 09:35:03-06:00,41.12081682309508,-73.82259051315486,6.9983900000000006,133.60000000000002,3168,8.388,8388.0,None,79,None
2019-01-26 09:35:04-06:00,41.120819840580225,-73.82256033830345,7.00093,133.20000000000005,3166,8.424,8424.0,None,79,None
2019-01-26 09:35:05-06:00,41.12082059495151,-73.822530079633,7.00347,132.79999999999995,3164,8.46,8460.0,None,79,None
2019-01-26 09:35:06-06:00,41.12081799656153,-73.82250241935253,7.0058,132.39999999999998,3162,8.496,8496.0,None,82,None
2019-01-26 09:35:14-06:00,41.12080064602196,-73.82228214293718,7.02441,129.20000000000005,3146,8.46,8460.0,None,82,None
2019-01-26 09:35:23-06:00,41.12077667377889,-73.82205381989479,7.0438,126.20000000000005,3131,8.28,8280.0,None,80,None
2019-01-26 09:35:34-06:00,41.12074825912714,-73.82178509607911,7.06679,122.79999999999995,3114,8.028,8028.0,None,79,None
2019-01-26 09:35:36-06:00,41.120738787576556,-73.82174008525908,7.07077,122.39999999999998,3112,7.992000000000001,7992.0,None,81,None
2019-01-26 09:35:37-06:00,41.12072789110243,-73.82172290235758,7.072640000000001,122.20000000000005,3111,7.956,7956.0,None,81,None
2019-01-26 09:35:38-06:00,41.120720598846674,-73.82170588709414,7.07427,122.0,3110,7.920000000000001,7920.0,None,81,None
2019-01-26 09:35:39-06:00,41.120720682665706,-73.82168560288846,7.07597,122.0,3110,7.848000000000001,7848.0,None,77,None
2019-01-26 09:35:40-06:00,41.1207190901041,-73.8216627202928,7.0779,121.79999999999995,3109,7.776000000000001,7776.0,None,77,None
2019-01-26 09:35:41-06:00,41.120722107589245,-73.82164143025875,7.07972,121.39999999999998,3107,7.776000000000001,7776.0,None,77,None
2019-01-26 09:35:42-06:00,41.120727472007275,-73.82162583991885,7.08114,121.20000000000005,3106,7.776000000000001,7776.0,None,76,None
2019-01-26 09:35:43-06:00,41.12073635682464,-73.8216114230454,7.08271,120.79999999999995,3104,7.632000000000001,7632.0,None,76,None
2019-01-26 09:35:44-06:00,41.12074540928006,-73.82159893400967,7.084149999999999,120.39999999999998,3102,7.5600000000000005,7560.0,None,77,None
2019-01-26 09:35:45-06:00,41.12075546756387,-73.82158460095525,7.0858,120.0,3100,7.488,7488.0,None,78,None
2019-01-26 09:35:46-06:00,41.120764100924134,-73.82156297564507,7.08786,119.60000000000002,3098,7.416,7416.0,None,78,None
2019-01-26 09:35:47-06:00,41.12076963298023,-73.82152902893722,7.09078,119.39999999999998,3097,7.416,7416.0,None,79,None
2019-01-26 09:35:48-06:00,41.12077156081796,-73.82149307057261,7.0938,119.60000000000002,3098,7.524,7524.0,None,79,None
2019-01-26 09:35:49-06:00,41.12076728604734,-73.82145878858864,7.0967,119.60000000000002,3098,7.632000000000001,7632.0,None,79,None
2019-01-26 09:35:50-06:00,41.12076108343899,-73.82142702117562,7.09946,119.60000000000002,3098,7.74,7740.0,None,79,None
2019-01-26 09:35:59-06:00,41.12063937820494,-73.82121269591153,7.12209,119.0,3095,8.064000000000002,8064.0,None,81,None
2019-01-26 09:36:07-06:00,41.12049210816622,-73.82103860378265,7.14405,119.0,3095,8.532,8532.0,None,82,None
2019-01-26 09:36:15-06:00,41.12034525722265,-73.82084456272423,7.16719,119.20000000000005,3096,8.856,8856.0,None,83,None
2019-01-26 09:36:24-06:00,41.12021265551448,-73.82061087526381,7.19176,119.39999999999998,3097,9.216000000000001,9216.0,None,83,None
2019-01-26 09:36:33-06:00,41.120088854804635,-73.82038188166916,7.21542,120.20000000000005,3101,9.324,9324.0,None,82,None
2019-01-26 09:36:42-06:00,41.120011657476425,-73.82011290639639,7.2396400000000005,121.39999999999998,3107,9.395999999999999,9396.0,None,81,None
2019-01-26 09:36:51-06:00,41.11995860002935,-73.81982004269958,7.26512,122.60000000000002,3113,9.576,9576.0,None,81,None
2019-01-26 09:37:00-06:00,41.11991157755256,-73.81954343989491,7.28897,122.79999999999995,3114,9.576,9576.0,None,81,None
2019-01-26 09:37:08-06:00,41.11982616595924,-73.81929122842848,7.31226,122.79999999999995,3114,9.792000000000002,9792.0,None,81,None
2019-01-26 09:37:12-06:00,41.11980244517326,-73.81916206330061,7.3235,123.0,3115,9.828,9828.0,None,81,None
2019-01-26 09:37:13-06:00,41.119788531214,-73.81912920624018,7.32667,123.0,3115,9.864,9864.0,None,81,None
2019-01-26 09:37:14-06:00,41.11977872438729,-73.81909718737006,7.32955,122.79999999999995,3114,9.9,9900.0,None,83,None
2019-01-26 09:37:15-06:00,41.11977302469313,-73.81906709633768,7.3321499999999995,122.79999999999995,3114,9.936,9936.0,None,84,None
2019-01-26 09:37:16-06:00,41.119767324998975,-73.81903683766723,7.33475,122.79999999999995,3114,9.9,9900.0,None,84,None
2019-01-26 09:37:24-06:00,41.11971292644739,-73.81876341998577,7.35851,122.39999999999998,3112,10.044,10044.0,None,81,None
2019-01-26 09:37:32-06:00,41.11971091479063,-73.81848027929664,7.38231,122.0,3110,10.224,10224.0,None,80,None
2019-01-26 09:37:40-06:00,41.11974595114589,-73.81821490824223,7.40494,121.60000000000002,3108,10.188,10188.0,None,82,None
2019-01-26 09:37:48-06:00,41.11978308297694,-73.81794626824558,7.4278699999999995,121.60000000000002,3108,10.26,10260.0,None,81,None
2019-01-26 09:37:56-06:00,41.11980906687677,-73.81769229657948,7.44937,121.39999999999998,3107,10.116,10116.0,None,81,None
2019-01-26 09:38:04-06:00,41.119838738813996,-73.81742306984961,7.4722,121.20000000000005,3106,10.188,10188.0,None,81,None
2019-01-26 09:38:12-06:00,41.11989657394588,-73.81717094220221,7.49446,121.20000000000005,3106,10.08,10080.0,None,81,None
2019-01-26 09:38:20-06:00,41.11998223699629,-73.81695083342493,7.51531,121.20000000000005,3106,10.008,10008.0,None,80,None
2019-01-26 09:38:29-06:00,41.120126908645034,-73.81677456200123,7.5372200000000005,121.60000000000002,3108,9.648000000000001,9648.0,None,80,None
2019-01-26 09:38:38-06:00,41.12026495859027,-73.81659485399723,7.55876,122.20000000000005,3111,9.360000000000001,9360.0,None,81,None
2019-01-26 09:38:49-06:00,41.12044173292816,-73.81647432222962,7.58099,123.0,3115,8.748000000000001,8748.0,None,80,None
2019-01-26 09:38:59-06:00,41.12063300795853,-73.81635990925133,7.60459,123.0,3115,8.64,8640.0,None,79,None
2019-01-26 09:39:10-06:00,41.12084850668907,-73.81621993146837,7.63138,122.79999999999995,3114,8.64,8640.0,None,79,None
2019-01-26 09:39:21-06:00,41.12106308341026,-73.8160884194076,7.65779,122.0,3110,8.64,8640.0,None,79,None
2019-01-26 09:39:31-06:00,41.1212735529989,-73.81598071195185,7.6829,121.20000000000005,3106,8.712,8712.0,None,79,None
2019-01-26 09:39:36-06:00,41.12133809365332,-73.81594969891012,7.691470000000001,121.0,3105,8.532,8532.0,None,78,None
2019-01-26 09:39:37-06:00,41.121325604617596,-73.81595824845135,7.69307,121.0,3105,8.316,8316.0,None,78,None
2019-01-26 09:39:45-06:00,41.121160900220275,-73.81603611633182,7.71261,121.39999999999998,3107,8.856,8856.0,None,80,None
2019-01-26 09:39:53-06:00,41.120980605483055,-73.81610970944166,7.733770000000001,122.20000000000005,3111,10.44,10440.0,None,79,None
2019-01-26 09:40:01-06:00,41.120795952156186,-73.81620618514717,7.75593,122.79999999999995,3114,10.152,10152.0,None,81,None
2019-01-26 09:40:09-06:00,41.12061498686671,-73.81628690287471,7.77732,123.60000000000002,3118,9.648000000000001,9648.0,None,81,None
2019-01-26 09:40:18-06:00,41.12044642679393,-73.81636426784098,7.7972,123.39999999999998,3117,9.360000000000001,9360.0,None,80,None
2019-01-26 09:40:27-06:00,41.120270658284426,-73.81647222675383,7.81904,123.0,3115,9.036,9036.0,None,81,None
2019-01-26 09:40:37-06:00,41.12013403326273,-73.81665419787169,7.84066,122.20000000000005,3111,8.676,8676.0,None,80,None
2019-01-26 09:40:45-06:00,41.11997871659696,-73.81686072796583,7.86521,121.60000000000002,3108,9.216000000000001,9216.0,None,81,None
2019-01-26 09:40:53-06:00,41.119868494570255,-73.81709282286465,7.8886400000000005,121.20000000000005,3106,9.504000000000001,9504.0,None,82,None
2019-01-26 09:41:01-06:00,41.119809821248055,-73.81737973541021,7.914020000000001,121.79999999999995,3109,10.008,10008.0,None,81,None
2019-01-26 09:41:09-06:00,41.11978920176625,-73.81763865239918,7.93598,121.39999999999998,3107,9.936,9936.0,None,81,None
2019-01-26 09:41:17-06:00,41.11973966471851,-73.81790972314775,7.95979,121.39999999999998,3107,10.152,10152.0,None,82,None
2019-01-26 09:41:26-06:00,41.11970605328679,-73.81818816997111,7.9837299999999995,121.79999999999995,3109,9.936,9936.0,None,81,None
2019-01-26 09:41:34-06:00,41.119633885100484,-73.81844549439847,8.00697,121.60000000000002,3108,9.972,9972.0,None,81,None
2019-01-26 09:41:43-06:00,41.11963170580566,-73.81870960816741,8.02946,122.0,3110,9.828,9828.0,None,80,None
2019-01-26 09:41:50-06:00,41.11970999278128,-73.81890247575939,8.04797,122.20000000000005,3111,9.756,9756.0,None,81,None
2019-01-26 09:41:53-06:00,41.11974645406008,-73.81898017600179,8.05569,122.39999999999998,3112,9.648000000000001,9648.0,None,80,None
2019-01-26 09:42:02-06:00,41.11980026587844,-73.8192349858582,8.07841,122.60000000000002,3113,9.54,9540.0,None,80,None
2019-01-26 09:42:11-06:00,41.119924737140536,-73.81947093643248,8.10286,122.39999999999998,3112,9.504000000000001,9504.0,None,81,None
2019-01-26 09:42:14-06:00,41.119924234226346,-73.81956171244383,8.1107,122.60000000000002,3113,9.612,9612.0,None,83,None
2019-01-26 09:42:15-06:00,41.119907638058066,-73.8195819966495,8.11323,122.60000000000002,3113,9.576,9576.0,None,83,None
2019-01-26 09:42:16-06:00,41.11988936550915,-73.81959876045585,8.1157,122.79999999999995,3114,9.54,9540.0,None,83,None
2019-01-26 09:42:21-06:00,41.11979791894555,-73.81967914290726,8.128029999999999,123.39999999999998,3117,9.432,9432.0,None,78,None
2019-01-26 09:42:31-06:00,41.11970982514322,-73.81992942653596,8.151399999999999,124.20000000000005,3121,9.144,9144.0,None,78,None
2019-01-26 09:42:43-06:00,41.119676884263754,-73.82020921446383,8.17579,126.0,3130,8.532,8532.0,None,76,None
2019-01-26 09:42:54-06:00,41.119825998321176,-73.82035388611257,8.197809999999999,126.20000000000005,3131,8.1,8100.0,None,76,None
2019-01-26 09:42:56-06:00,41.119854748249054,-73.820341816172,8.20117,126.0,3130,7.956,7956.0,None,77,None
2019-01-26 09:42:57-06:00,41.119868913665414,-73.82033854722977,8.20278,126.0,3130,7.920000000000001,7920.0,None,76,None
2019-01-26 09:42:58-06:00,41.11988718621433,-73.82033301517367,8.20486,125.60000000000002,3128,7.848000000000001,7848.0,None,76,None
2019-01-26 09:42:59-06:00,41.11990344710648,-73.82032664492726,8.20674,125.60000000000002,3128,7.812,7812.0,None,76,None
2019-01-26 09:43:00-06:00,41.119914846494794,-73.82031256332994,8.20849,125.39999999999998,3127,7.776000000000001,7776.0,None,76,None
2019-01-26 09:43:01-06:00,41.11992440186441,-73.82029403932393,8.210360000000001,125.20000000000005,3126,7.74,7740.0,None,76,None
2019-01-26 09:43:02-06:00,41.11992741934955,-73.82027333602309,8.212129999999998,125.0,3125,7.704000000000001,7704.0,None,76,None
2019-01-26 09:43:03-06:00,41.119923647493124,-73.8202485255897,8.21425,125.0,3125,7.668,7668.0,None,78,None
